Product Name,Price,Quantity,Discount,Total Price,Employee,City,Date,Feedback
Realme X7,300.0,5,5,1425.0,,,2025-01-10,Average
Infinix Zero,950,8,19,6156.0,Chris O'Neil,São Paulo,2024-09-30,Terrible
Unknown,320.0,2,16,537.6,Sophia Anderson,New York,2024-06-30,
Nothing Phone,390,7,20,2184.0,Robert Brown,,2024-06-02,Average
OnePlus 9,618,9,16,4672.08,Michael Williams,New York,2024-08-01,Average
Unknown,129.0,10,8,1186.8,Michael Williams,,2024-02-22,Good
ZTE Axon,522,9,18,3852.36,,,2024-03-31,Excellent
Realme X7,300.0,6,15,1530.0,,São Paulo,2024-12-01,Good
Alcatel 3X,150.0,6,15,765.0,,Mumbai,2024-06-28,Average
ZTE Axon,947,10,8,8712.4,,Tokyo,2024-12-01,Average
Alcatel 3X,150.0,2,10,270.0,Michael Williams,,2024-08-21,Poor
Vivo Y20,200.0,10,6,1880.0,,Paris,2024-04-04,Poor
Alcatel 3X,150.0,6,8,828.0,Sophia Anderson,,2024-08-10,Terrible
Motorola Edge,520.0,5,7,2418.0,,,2024-07-09,Excellent
Motorola Edge,520.0,9,6,4399.2,John Doe,,2024-07-06,
Unknown,450.0,5,13,1957.5,Michael Williams,,2024-10-30,Good
ZTE Axon,964,4,14,3316.16,John Doe,,2024-06-04,
ZTE Axon,538,8,12,3787.52,,São Paulo,2024-05-02,Average
ZTE Axon,154,2,18,252.56,Emily Johnson,New York,2024-09-25,Terrible
Unknown,320.0,5,3,1552.0,John Doe,,2024-07-16,Average
Asus ROG Phone,899.0,4,12,3164.48,Chris O'Neil,Mumbai,2025-01-28,Average
Unknown,450.0,5,19,1822.5,John Doe,Los Angeles,2024-03-24,Excellent
Motorola Edge,520.0,4,7,1934.4,Sophia Anderson,New York,2024-03-09,Average
Unknown,250.0,6,7,1395.0,John Doe,London,2025-01-12,Poor
Unknown,250.0,5,10,1125.0,Michael Williams,New York,2024-05-15,Excellent
Alcatel 3X,150.0,5,14,645.0,Sophia Anderson,,2025-01-24,Terrible
iPhone 15,999.0,4,9,3636.36,Sophia Anderson,São Paulo,2024-11-30,Good
Honor Magic,700.0,1,17,581.0,,New York,2024-07-08,Poor
Nothing Phone,968,4,2,3794.56,Robert Brown,Paris,2024-12-10,Average
Nothing Phone,180,10,14,1548.0,Robert Brown,Paris,2024-05-24,Terrible
Sony Xperia,724,9,1,6450.84,Michael Williams,New York,2025-01-23,Terrible
Sony Xperia,125,10,0,1250.0,Emily Johnson,Paris,2024-04-21,Good
Xiaomi Redmi,250.0,7,18,1435.0,Sophia Anderson,Los Angeles,2024-04-07,Average
Unknown,450.0,9,9,3685.5,Chris O'Neil,,2024-09-28,Excellent
Motorola Edge,520.0,10,16,4368.0,John Doe,,2025-01-13,
Sony Xperia,304,6,2,1787.52,Jane Smith,New York,2024-10-12,Good
Alcatel 3X,150.0,6,6,846.0,,,2024-04-11,Excellent
Alcatel 3X,150.0,9,3,1309.5,John Doe,Mumbai,2024-06-05,
Asus ROG Phone,899.0,9,16,6796.44,Michael Williams,,2024-09-03,
iPhone 15,999.0,7,17,5804.19,Robert Brown,Los Angeles,2024-05-14,Excellent
iPhone 15,999.0,1,9,909.09,Robert Brown,New York,2024-11-01,Excellent
Huawei P40,160,5,14,688.0,Michael Williams,Berlin,2024-04-11,
Infinix Zero,984,7,8,6336.96,David Miller,,2024-02-23,Average
OnePlus 9,276,6,1,1639.44,David Miller,New York,2024-08-17,Terrible
Infinix Zero,952,3,4,2741.76,John Doe,Mumbai,2024-11-04,Poor
Unknown,250.0,4,4,960.0,Emily Johnson,London,2024-12-27,Terrible
iPhone 15,999.0,9,4,8631.36,Michael Williams,Paris,2024-10-21,Poor
Unknown,450.0,10,4,4320.0,Emily Johnson,,2024-04-05,Poor
Asus ROG Phone,899.0,10,14,7731.4,,London,2025-01-19,Good
Nokia G21,180.0,10,16,1512.0,,Mumbai,2024-02-20,Excellent
Unknown,320.0,2,16,537.6,Michael Williams,,2024-08-08,
Unknown,129.0,4,1,510.84,Sophia Anderson,London,2024-11-17,Poor
Asus ROG Phone,899.0,1,9,818.09,John Doe,,2024-07-23,Excellent
Honor Magic,700.0,7,7,4557.0,John Doe,,2024-09-14,Excellent
Pixel 7,312,4,9,1135.68,,Berlin,2024-12-30,Poor
Honor Magic,700.0,6,6,3948.0,John Doe,Los Angeles,2024-10-24,Good
Vivo Y20,200.0,6,5,1140.0,John Doe,,2024-08-19,Terrible
Unknown,129.0,9,7,1079.73,Chris O'Neil,São Paulo,2024-05-08,Terrible
Realme X7,300.0,6,11,1602.0,Sophia Anderson,,2024-05-11,Excellent
OnePlus 9,741,4,1,2934.36,,Paris,2024-08-13,Excellent
Unknown,320.0,8,17,2124.8,Michael Williams,Berlin,2024-10-02,Poor
OnePlus 9,674,2,18,1105.36,Chris O'Neil,,2024-08-14,Good
Unknown,320.0,3,20,768.0,Sophia Anderson,Paris,2024-04-29,Good
Unknown,450.0,6,3,2619.0,John Doe,Berlin,2024-12-21,
Asus ROG Phone,899.0,3,0,2697.0,,New York,2024-05-12,
ZTE Axon,458,9,8,3792.24,,Mumbai,2024-12-28,Terrible
Nothing Phone,926,1,7,861.18,David Miller,,2025-01-12,Terrible
Nothing Phone,475,4,0,1900.0,David Miller,New York,2024-09-22,Average
Unknown,320.0,9,6,2707.2,Emily Johnson,São Paulo,2024-07-09,Good
Motorola Edge,520.0,7,15,3094.0,Michael Williams,London,2024-11-07,Excellent
Pixel 7,831,9,7,6955.47,Jane Smith,,2024-07-08,Average
Realme X7,300.0,7,3,2037.0,John Doe,,2024-12-08,Average
Infinix Zero,687,1,7,638.91,Michael Williams,New York,2024-09-28,Average
iPhone 15,999.0,2,6,1878.12,,Paris,2024-11-02,Average
Realme X7,300.0,4,16,1008.0,Jane Smith,Paris,2024-12-23,Poor
Huawei P40,124,4,11,441.44,David Miller,London,2024-06-15,Terrible
Honor Magic,700.0,3,18,1722.0,,,2024-06-03,Excellent
Vivo Y20,200.0,8,18,1312.0,,Berlin,2024-11-29,Average
Realme X7,300.0,4,1,1188.0,Robert Brown,New York,2024-12-17,Poor
Xiaomi Redmi,250.0,3,4,720.0,,,2024-12-01,
Asus ROG Phone,899.0,6,3,5232.18,,,2024-05-03,Excellent
Unknown,450.0,7,16,2646.0,,,2024-12-16,Average
Xiaomi Redmi,250.0,2,18,410.0,,Paris,2024-10-05,Excellent
Motorola Edge,520.0,4,6,1955.2,,,2024-08-01,
Vivo Y20,200.0,7,17,1162.0,John Doe,Los Angeles,2024-03-11,
Asus ROG Phone,899.0,7,4,6041.28,,New York,2024-06-07,Poor
Infinix Zero,311,1,7,289.23,John Doe,New York,2024-06-06,Poor
Alcatel 3X,150.0,3,11,400.5,Sophia Anderson,,2024-11-25,Average
Infinix Zero,498,4,6,1872.48,,,2024-09-12,
Infinix Zero,546,2,15,928.2,,Los Angeles,2024-04-07,Terrible
Unknown,250.0,9,15,1912.5,Emily Johnson,Mumbai,2024-09-30,Terrible
Vivo Y20,200.0,7,2,1372.0,,Tokyo,2024-03-21,Excellent
Vivo Y20,200.0,1,8,184.0,Sophia Anderson,Paris,2024-05-11,
iPhone 15,999.0,8,9,7272.72,Sophia Anderson,Tokyo,2024-04-10,Excellent
Unknown,320.0,2,7,595.2,Chris O'Neil,São Paulo,2024-06-11,Poor
Huawei P40,993,1,0,993.0,Robert Brown,Berlin,2024-11-06,Terrible
Nothing Phone,479,3,13,1250.19,Sophia Anderson,Berlin,2024-07-06,Poor
Unknown,450.0,5,13,1957.5,David Miller,Los Angeles,2024-02-22,Terrible
OnePlus 9,561,8,19,3635.28,Chris O'Neil,Tokyo,2024-10-15,Poor
ZTE Axon,206,7,18,1182.44,Robert Brown,,2024-11-13,Poor
Infinix Zero,372,5,17,1543.8,Sophia Anderson,Mumbai,2024-04-06,Terrible
ZTE Axon,896,3,12,2365.44,Jane Smith,Los Angeles,2024-02-14,Excellent
Sony Xperia,758,4,16,2546.88,Emily Johnson,,2024-09-02,Excellent
Asus ROG Phone,899.0,6,12,4746.72,,Paris,2025-01-02,
Huawei P40,995,5,19,4029.75,John Doe,Los Angeles,2024-10-26,Good
Nothing Phone,102,3,9,278.46,,Mumbai,2025-01-09,Average
OnePlus 9,476,10,6,4474.4,,,2024-07-05,Average
Vivo Y20,200.0,8,7,1488.0,Sophia Anderson,Tokyo,2024-08-25,Good
Alcatel 3X,150.0,2,13,261.0,,New York,2024-08-06,Terrible
Huawei P40,786,8,17,5219.04,Chris O'Neil,,2024-05-11,Terrible
iPhone 15,999.0,9,15,7642.35,,London,2024-05-14,Average
Honor Magic,700.0,10,18,5740.0,Sophia Anderson,New York,2024-06-25,
Asus ROG Phone,899.0,9,2,7929.18,Michael Williams,,2024-12-02,Good
Asus ROG Phone,899.0,6,10,4854.6,Robert Brown,,2024-05-13,Average
ZTE Axon,722,2,14,1241.84,Michael Williams,Los Angeles,2024-03-20,Terrible
Alcatel 3X,150.0,3,17,373.5,Jane Smith,Mumbai,2024-10-21,Good
Infinix Zero,751,2,9,1366.82,Robert Brown,Berlin,2024-09-24,Poor
Unknown,129.0,3,19,313.47,David Miller,Tokyo,2024-08-10,
Honor Magic,700.0,8,3,5432.0,Michael Williams,London,2024-04-30,Excellent
Unknown,129.0,5,3,625.65,Sophia Anderson,Tokyo,2024-05-29,Good
ZTE Axon,601,9,13,4705.83,Jane Smith,,2024-04-04,
Sony Xperia,894,2,1,1770.12,Emily Johnson,Los Angeles,2025-01-28,Terrible
Motorola Edge,520.0,8,18,3411.2,Michael Williams,London,2024-07-06,Excellent
OnePlus 9,248,1,18,203.36,,London,2024-03-12,Average
Vivo Y20,200.0,3,6,564.0,,,2024-04-03,Poor
Infinix Zero,797,1,7,741.21,John Doe,Tokyo,2024-02-13,Average
Pixel 7,418,1,12,367.84,,New York,2024-03-13,Excellent
Vivo Y20,200.0,7,2,1372.0,David Miller,,2024-07-30,
Unknown,320.0,5,5,1520.0,Jane Smith,New York,2024-04-11,Poor
Alcatel 3X,150.0,6,5,855.0,Sophia Anderson,New York,2024-03-18,
Xiaomi Redmi,250.0,4,15,850.0,John Doe,São Paulo,2024-04-06,Average
Nothing Phone,605,7,5,4023.25,Sophia Anderson,Los Angeles,2024-09-18,
Alcatel 3X,150.0,2,0,300.0,Robert Brown,London,2024-08-21,
Unknown,129.0,9,9,1056.51,Chris O'Neil,São Paulo,2024-03-09,
Nokia G21,180.0,1,9,163.8,Chris O'Neil,Paris,2024-08-11,
Pixel 7,647,10,14,5564.2,David Miller,,2025-01-17,Good
Xiaomi Redmi,250.0,10,1,2475.0,,São Paulo,2024-12-22,Excellent
Xiaomi Redmi,250.0,10,5,2375.0,John Doe,Mumbai,2024-10-18,
Asus ROG Phone,899.0,1,8,827.08,,New York,2024-12-28,Terrible
Huawei P40,782,5,19,3167.1,Robert Brown,London,2024-09-30,Good
iPhone 15,999.0,6,11,5334.66,Chris O'Neil,,2024-04-16,Excellent
Unknown,250.0,8,10,1800.0,Chris O'Neil,Berlin,2025-02-07,
Unknown,129.0,9,2,1137.78,Chris O'Neil,Tokyo,2024-03-12,Poor
Xiaomi Redmi,250.0,8,1,1980.0,,Berlin,2024-05-11,
Motorola Edge,520.0,6,11,2776.8,John Doe,Los Angeles,2025-01-12,Average
ZTE Axon,473,6,11,2525.82,David Miller,,2024-06-02,Terrible
Xiaomi Redmi,250.0,4,5,950.0,,New York,2024-10-30,
Nokia G21,180.0,8,11,1281.6,,New York,2024-06-30,Terrible
Sony Xperia,379,9,13,2967.57,,Mumbai,2024-09-26,Terrible
Pixel 7,249,8,3,1932.24,Chris O'Neil,New York,2024-04-12,
Unknown,250.0,1,7,232.5,Sophia Anderson,Los Angeles,2024-05-16,
iPhone 15,999.0,2,16,1678.32,Chris O'Neil,,2024-05-11,Excellent
iPhone 15,999.0,6,0,5994.0,John Doe,Tokyo,2024-12-11,Average
Vivo Y20,200.0,4,6,752.0,,London,2024-06-26,Terrible
ZTE Axon,458,6,12,2418.24,Michael Williams,,2024-11-09,Terrible
Unknown,250.0,8,3,1940.0,Jane Smith,,2024-04-18,Average
Vivo Y20,200.0,8,9,1456.0,David Miller,Los Angeles,2024-09-18,Excellent
Nothing Phone,759,2,13,1320.66,,,2024-10-25,Average
iPhone 15,999.0,7,14,6013.98,Emily Johnson,Mumbai,2024-07-11,Terrible
Huawei P40,395,1,2,387.1,,Mumbai,2025-01-04,Average
Nothing Phone,428,8,1,3389.76,,Los Angeles,2024-10-10,
iPhone 15,999.0,3,1,2967.03,Chris O'Neil,London,2024-03-28,Excellent
Xiaomi Redmi,250.0,1,19,202.5,David Miller,London,2024-05-26,Terrible
ZTE Axon,680,10,16,5712.0,Robert Brown,São Paulo,2024-07-08,Terrible
OnePlus 9,770,7,19,4365.9,Robert Brown,Berlin,2024-08-24,Average
Infinix Zero,330,4,12,1161.6,Chris O'Neil,São Paulo,2024-08-20,Terrible
Xiaomi Redmi,250.0,2,5,475.0,Michael Williams,Mumbai,2024-09-10,Terrible
Unknown,129.0,7,19,731.43,Michael Williams,São Paulo,2025-01-23,Average
Nothing Phone,139,8,5,1056.4,Sophia Anderson,Berlin,2024-08-27,
Xiaomi Redmi,250.0,6,3,1455.0,,Tokyo,2024-03-08,Average
Alcatel 3X,150.0,4,4,576.0,David Miller,,2024-08-14,
Realme X7,300.0,7,18,1722.0,Michael Williams,,2024-04-28,Poor
Huawei P40,244,6,17,1215.12,Chris O'Neil,London,2025-01-21,Terrible
Motorola Edge,520.0,1,20,416.0,Michael Williams,,2024-10-19,Good
Honor Magic,700.0,5,18,2870.0,David Miller,,2024-12-21,Average
Huawei P40,601,7,0,4207.0,Chris O'Neil,,2024-11-22,Good
Unknown,129.0,9,14,998.46,Jane Smith,,2024-12-13,Poor
Pixel 7,610,9,4,5270.4,Emily Johnson,Paris,2025-01-18,Good
Honor Magic,700.0,4,11,2492.0,Emily Johnson,New York,2025-02-08,Terrible
Unknown,320.0,3,2,940.8,John Doe,,2024-07-31,Excellent
Pixel 7,310,10,15,2635.0,Jane Smith,New York,2024-02-14,Good
Xiaomi Redmi,250.0,6,5,1425.0,David Miller,,2024-09-04,Poor
Honor Magic,700.0,7,8,4508.0,Chris O'Neil,São Paulo,2025-01-21,Poor
Unknown,250.0,1,19,202.5,,Tokyo,2024-03-10,Good
Vivo Y20,200.0,7,5,1330.0,,New York,2024-10-20,
Unknown,450.0,8,20,2880.0,,Mumbai,2025-01-11,Poor
Vivo Y20,200.0,10,10,1800.0,,London,2024-02-16,
Huawei P40,807,6,11,4309.38,Robert Brown,Tokyo,2024-08-09,Good
OnePlus 9,404,7,14,2432.08,Robert Brown,,2024-09-04,Good
Unknown,250.0,1,5,237.5,Jane Smith,London,2024-11-08,Terrible
Vivo Y20,200.0,6,6,1128.0,,Los Angeles,2024-05-27,Poor
Huawei P40,933,1,18,765.06,Chris O'Neil,,2024-05-24,Excellent
Vivo Y20,200.0,10,14,1720.0,,Los Angeles,2024-03-13,Good
iPhone 15,999.0,9,15,7642.35,John Doe,,2024-03-11,Poor
Unknown,129.0,3,9,352.17,,Paris,2024-04-23,Average
Vivo Y20,200.0,6,14,1032.0,Robert Brown,,2024-11-18,Average
Infinix Zero,732,4,5,2781.6,John Doe,,2024-07-15,Good
Sony Xperia,541,5,18,2218.1,Michael Williams,Tokyo,2024-10-15,Good
Infinix Zero,997,5,5,4735.75,,São Paulo,2024-03-17,Terrible
Alcatel 3X,150.0,5,12,660.0,,,2024-04-04,
Unknown,129.0,2,16,216.72,Robert Brown,New York,2024-05-04,Average
iPhone 15,999.0,4,19,3236.76,Jane Smith,,2024-04-22,
OnePlus 9,401,1,18,328.82,,,2024-12-27,
Xiaomi Redmi,250.0,4,16,840.0,,Tokyo,2024-08-23,Terrible
Honor Magic,700.0,6,1,4158.0,,Tokyo,2024-05-07,Poor
ZTE Axon,798,8,3,6192.48,,São Paulo,2025-01-04,Poor
Alcatel 3X,150.0,8,18,984.0,,Berlin,2024-10-25,
Pixel 7,470,10,18,3854.0,,,2024-06-25,Average
Vivo Y20,200.0,4,0,800.0,,New York,2024-04-13,
OnePlus 9,487,10,13,4236.9,Jane Smith,Tokyo,2024-11-14,Terrible
Unknown,129.0,2,14,221.88,,,2024-03-27,Poor
OnePlus 9,473,1,10,425.7,Robert Brown,Tokyo,2025-02-08,Terrible
Xiaomi Redmi,250.0,8,0,2000.0,Michael Williams,Mumbai,2024-04-04,
Pixel 7,424,8,10,3052.8,David Miller,Berlin,2024-07-16,Good
ZTE Axon,741,9,15,5668.65,,,2024-09-16,Good
OnePlus 9,189,8,19,1224.72,Michael Williams,Berlin,2024-10-11,Poor
Sony Xperia,275,1,9,250.25,,Paris,2024-09-24,Excellent
Motorola Edge,520.0,9,8,4305.6,Michael Williams,São Paulo,2024-04-01,
Unknown,250.0,10,20,2000.0,Sophia Anderson,New York,2024-11-05,Poor
Huawei P40,724,8,19,4691.52,,,2024-07-06,Poor
Infinix Zero,919,1,9,836.29,Chris O'Neil,Tokyo,2024-11-26,Terrible
Huawei P40,771,8,4,5921.28,,São Paulo,2024-11-07,Terrible
Unknown,450.0,2,3,873.0,,,2024-03-03,Excellent
Alcatel 3X,150.0,5,10,675.0,Emily Johnson,,2024-06-01,Good
Unknown,250.0,7,9,1592.5,,Los Angeles,2025-01-15,
Asus ROG Phone,899.0,4,14,3092.56,David Miller,Berlin,2024-09-12,
Nothing Phone,853,5,20,3412.0,Chris O'Neil,Mumbai,2024-03-11,Good
Asus ROG Phone,899.0,3,18,2211.54,,Berlin,2024-10-20,Good
Unknown,250.0,3,0,750.0,Sophia Anderson,Tokyo,2024-07-02,Excellent
Nothing Phone,997,2,2,1954.12,Michael Williams,,2024-11-10,Average
Motorola Edge,520.0,10,15,4420.0,Sophia Anderson,Los Angeles,2024-07-23,Terrible
Honor Magic,700.0,9,19,5103.0,Michael Williams,Los Angeles,2024-02-29,
Realme X7,300.0,2,19,486.0,Robert Brown,,2024-11-26,Good
Motorola Edge,520.0,3,17,1294.8,Robert Brown,Tokyo,2024-03-04,Average
Huawei P40,884,4,4,3394.56,,Los Angeles,2024-07-25,Good
Pixel 7,599,10,17,4971.7,,,2024-11-23,Average
Alcatel 3X,150.0,10,8,1380.0,,,2024-05-08,Average
Nokia G21,180.0,9,12,1425.6,Jane Smith,Los Angeles,2024-08-12,
Sony Xperia,820,1,16,688.8,,São Paulo,2024-10-04,Poor
Nokia G21,180.0,3,2,529.2,Chris O'Neil,São Paulo,2024-06-27,Terrible
ZTE Axon,952,5,3,4617.2,Jane Smith,New York,2024-02-26,
Infinix Zero,641,8,16,4307.52,,,2024-05-11,Good
Realme X7,300.0,9,0,2700.0,Emily Johnson,Los Angeles,2024-02-21,
Unknown,250.0,10,19,2025.0,David Miller,New York,2025-01-03,Good
Nothing Phone,246,9,1,2191.86,John Doe,São Paulo,2025-01-25,Excellent
OnePlus 9,603,1,12,530.64,,London,2024-09-11,Excellent
Sony Xperia,961,7,4,6457.92,David Miller,Mumbai,2024-06-13,Terrible
Unknown,320.0,5,11,1424.0,Jane Smith,Tokyo,2024-06-25,Terrible
Infinix Zero,656,9,19,4782.24,Emily Johnson,London,2024-11-17,Excellent
Unknown,250.0,10,20,2000.0,Robert Brown,New York,2024-08-03,Excellent
Motorola Edge,520.0,2,5,988.0,Michael Williams,,2024-05-20,Average
Unknown,450.0,8,18,2952.0,David Miller,São Paulo,2025-02-04,Poor
Pixel 7,876,2,15,1489.2,,,2024-08-27,Terrible
Unknown,129.0,10,6,1212.6,,Los Angeles,2024-08-02,
Xiaomi Redmi,250.0,4,8,920.0,Robert Brown,São Paulo,2024-10-16,Good
Unknown,250.0,4,3,970.0,Robert Brown,,2024-12-25,Excellent
Unknown,250.0,4,6,940.0,Jane Smith,São Paulo,2024-04-20,Terrible
Honor Magic,700.0,7,1,4851.0,Chris O'Neil,,2024-09-16,Good
Unknown,129.0,10,13,1122.3,Jane Smith,,2024-09-03,Excellent
Unknown,450.0,10,12,3960.0,Sophia Anderson,London,2024-06-08,Average
Honor Magic,700.0,10,18,5740.0,Michael Williams,London,2024-02-13,Terrible
Vivo Y20,200.0,10,20,1600.0,,,2024-12-26,Average
Nothing Phone,175,2,4,336.0,Emily Johnson,Berlin,2024-02-09,Good
Motorola Edge,520.0,4,15,1768.0,David Miller,Tokyo,2024-03-04,Average
Honor Magic,700.0,10,3,6790.0,Emily Johnson,Berlin,2024-04-29,Poor
Infinix Zero,931,7,4,6256.32,Sophia Anderson,Paris,2024-08-01,
Huawei P40,579,8,4,4446.72,,Tokyo,2024-03-06,Average
Unknown,320.0,8,5,2432.0,,,2024-09-09,
Huawei P40,872,9,2,7691.04,Chris O'Neil,,2024-06-03,Excellent
Realme X7,300.0,2,2,588.0,Robert Brown,,2024-11-18,
Unknown,450.0,2,5,855.0,,Los Angeles,2024-08-04,Terrible
Motorola Edge,520.0,1,9,473.2,,Berlin,2025-01-12,Terrible
Asus ROG Phone,899.0,1,20,719.2,,São Paulo,2024-12-07,Terrible
Unknown,320.0,1,14,275.2,Jane Smith,,2024-11-23,Good
Xiaomi Redmi,250.0,4,18,820.0,,Tokyo,2024-12-05,
Nothing Phone,475,8,20,3040.0,,Paris,2024-12-11,Average
Vivo Y20,200.0,6,1,1188.0,Emily Johnson,,2025-01-08,Excellent
Asus ROG Phone,899.0,10,17,7461.7,,,2025-01-23,
Sony Xperia,873,6,7,4871.34,,London,2024-09-24,Poor
Xiaomi Redmi,250.0,10,11,2225.0,Chris O'Neil,New York,2024-08-19,Average
Asus ROG Phone,899.0,5,1,4450.05,Robert Brown,Mumbai,2024-03-08,
iPhone 15,999.0,5,13,4345.65,Emily Johnson,,2025-01-24,Excellent
Nokia G21,180.0,8,4,1382.4,Jane Smith,,2024-07-11,
Alcatel 3X,150.0,1,16,126.0,,Los Angeles,2024-12-18,Average
OnePlus 9,228,6,12,1203.84,,Berlin,2024-08-17,Terrible
Unknown,250.0,7,13,1522.5,Emily Johnson,New York,2024-10-06,Average
Realme X7,300.0,9,7,2511.0,John Doe,,2024-10-31,Average
iPhone 15,999.0,10,0,9990.0,Robert Brown,Berlin,2024-05-04,Average
Sony Xperia,289,9,9,2366.91,,,2024-12-27,
Unknown,320.0,6,9,1747.2,John Doe,Paris,2024-08-27,
iPhone 15,999.0,10,18,8191.8,John Doe,New York,2024-09-04,Excellent
Motorola Edge,520.0,7,14,3130.4,,Los Angeles,2024-06-03,Good
Huawei P40,695,3,3,2022.45,,New York,2024-06-15,Excellent
ZTE Axon,875,4,20,2800.0,Chris O'Neil,Los Angeles,2024-10-03,Excellent
Huawei P40,758,1,7,704.94,Jane Smith,Los Angeles,2024-02-18,Good
Nokia G21,180.0,3,5,513.0,Jane Smith,São Paulo,2024-10-30,
Alcatel 3X,150.0,7,3,1018.5,,,2024-09-30,Excellent
ZTE Axon,906,7,19,5137.02,,Tokyo,2024-06-11,
Unknown,450.0,7,9,2866.5,Michael Williams,,2025-02-01,Excellent
Infinix Zero,551,5,14,2369.3,Sophia Anderson,Los Angeles,2025-01-15,
Vivo Y20,200.0,3,15,510.0,Chris O'Neil,Los Angeles,2024-04-12,Terrible
Realme X7,300.0,7,4,2016.0,,Berlin,2024-12-26,Terrible
Xiaomi Redmi,250.0,8,16,1680.0,John Doe,São Paulo,2024-10-30,Good
Honor Magic,700.0,10,20,5600.0,Michael Williams,,2024-12-27,Poor
iPhone 15,999.0,8,15,6793.2,Sophia Anderson,,2024-11-22,Average
Honor Magic,700.0,3,15,1785.0,Jane Smith,Mumbai,2024-03-25,Average
Asus ROG Phone,899.0,4,19,2912.76,Michael Williams,London,2024-06-29,Good
Asus ROG Phone,899.0,8,13,6257.04,Emily Johnson,London,2024-08-12,Terrible
Nokia G21,180.0,3,12,475.2,Robert Brown,Mumbai,2024-03-03,
Unknown,129.0,9,17,963.63,David Miller,,2024-03-27,
Vivo Y20,200.0,2,18,328.0,,Paris,2024-06-24,Good
Nokia G21,180.0,10,1,1782.0,David Miller,Los Angeles,2024-08-09,Good
Unknown,250.0,9,8,2070.0,,New York,2025-01-30,
Sony Xperia,867,4,0,3468.0,,Los Angeles,2024-08-22,Terrible
Asus ROG Phone,899.0,4,2,3524.08,Chris O'Neil,Tokyo,2024-11-28,Average
Pixel 7,893,8,11,6358.16,Emily Johnson,Tokyo,2024-12-09,Poor
OnePlus 9,333,7,2,2284.38,Emily Johnson,London,2024-03-24,Average
Asus ROG Phone,899.0,9,5,7686.45,Michael Williams,,2024-06-25,Average
Unknown,320.0,10,10,2880.0,Michael Williams,,2024-10-25,Average
Unknown,320.0,6,11,1708.8,Sophia Anderson,Mumbai,2024-10-25,Average
Unknown,129.0,4,16,433.44,John Doe,,2024-10-15,Poor
Unknown,250.0,6,15,1275.0,,,2024-11-06,Excellent
OnePlus 9,411,7,6,2704.38,,Tokyo,2024-03-25,Good
Nothing Phone,212,8,16,1424.64,,Mumbai,2024-03-20,Average
Huawei P40,361,5,7,1678.65,Robert Brown,Tokyo,2024-08-27,Good
Xiaomi Redmi,250.0,6,5,1425.0,Emily Johnson,,2025-01-19,Terrible
Huawei P40,234,1,12,205.92,Sophia Anderson,São Paulo,2024-06-24,Poor
Huawei P40,343,5,2,1680.7,John Doe,,2025-02-07,Poor
ZTE Axon,409,9,20,2944.8,,Mumbai,2024-09-15,Good
OnePlus 9,581,8,19,3764.88,Chris O'Neil,Tokyo,2024-10-30,Average
Xiaomi Redmi,250.0,4,11,890.0,Jane Smith,,2024-04-08,Excellent
ZTE Axon,468,10,10,4212.0,Emily Johnson,,2024-07-09,
Vivo Y20,200.0,2,9,364.0,Sophia Anderson,London,2024-12-22,Terrible
Nokia G21,180.0,2,13,313.2,John Doe,New York,2024-09-25,Poor
OnePlus 9,161,9,0,1449.0,Michael Williams,São Paulo,2024-08-25,Excellent
Vivo Y20,200.0,7,14,1204.0,John Doe,New York,2024-07-10,
Asus ROG Phone,899.0,5,0,4495.0,,Tokyo,2024-07-31,Poor
Motorola Edge,520.0,9,13,4071.6,Robert Brown,São Paulo,2024-11-28,Good
Unknown,320.0,5,2,1568.0,,Mumbai,2024-05-25,Average
iPhone 15,999.0,1,6,939.06,Chris O'Neil,Paris,2025-01-05,
Xiaomi Redmi,250.0,3,16,630.0,Robert Brown,Berlin,2025-01-23,Excellent
Unknown,250.0,1,1,247.5,Michael Williams,London,2024-08-23,Excellent
Huawei P40,304,2,19,492.48,David Miller,Berlin,2024-11-20,Terrible
Unknown,450.0,8,0,3600.0,Michael Williams,Los Angeles,2024-11-13,Poor
iPhone 15,999.0,2,20,1598.4,Sophia Anderson,,2025-01-03,Good
Realme X7,300.0,4,12,1056.0,Robert Brown,New York,2024-08-15,Terrible
Unknown,129.0,1,4,123.84,David Miller,London,2024-04-21,
Nokia G21,180.0,8,3,1396.8,,Mumbai,2024-09-05,Average
Unknown,320.0,9,8,2649.6,Chris O'Neil,Paris,2024-07-16,Good
Unknown,450.0,7,11,2803.5,Emily Johnson,,2024-09-15,Excellent
Infinix Zero,244,3,10,658.8,John Doe,New York,2024-08-09,
Infinix Zero,275,9,17,2054.25,David Miller,Berlin,2024-03-16,Average
Pixel 7,435,8,11,3097.2,John Doe,,2025-02-06,
Nothing Phone,583,2,11,1037.74,Chris O'Neil,Tokyo,2025-01-31,Good
Nothing Phone,325,6,10,1755.0,Emily Johnson,,2024-05-25,Excellent
Motorola Edge,520.0,7,17,3021.2,Chris O'Neil,,2024-10-08,Average
Honor Magic,700.0,7,13,4263.0,Emily Johnson,Tokyo,2024-07-14,
iPhone 15,999.0,9,0,8991.0,,Paris,2024-12-18,Good
Unknown,450.0,5,5,2137.5,,,2024-04-23,Good
Unknown,320.0,5,7,1488.0,Chris O'Neil,Mumbai,2024-04-21,
Asus ROG Phone,899.0,6,0,5394.0,,Paris,2024-07-25,Good
Infinix Zero,660,2,17,1095.6,,,2024-05-26,Poor
iPhone 15,999.0,10,13,8691.3,David Miller,New York,2024-12-06,Good
Nothing Phone,598,9,16,4520.88,David Miller,São Paulo,2024-09-23,Poor
Vivo Y20,200.0,3,6,564.0,Robert Brown,Tokyo,2025-01-22,Average
Unknown,320.0,2,5,608.0,David Miller,,2025-01-23,Terrible
Honor Magic,700.0,6,16,3528.0,Chris O'Neil,Paris,2025-02-08,Good
iPhone 15,999.0,2,20,1598.4,Jane Smith,Los Angeles,2024-06-19,Excellent
Alcatel 3X,150.0,3,4,432.0,Emily Johnson,Paris,2024-12-28,Excellent
iPhone 15,999.0,4,17,3316.68,Chris O'Neil,,2025-01-31,
Vivo Y20,200.0,4,14,688.0,Michael Williams,Tokyo,2025-01-31,Poor
Huawei P40,686,5,17,2846.9,Michael Williams,London,2024-04-15,Terrible
Unknown,250.0,4,20,800.0,Chris O'Neil,Paris,2024-12-21,
Nokia G21,180.0,4,12,633.6,Chris O'Neil,Tokyo,2024-07-22,Excellent
Honor Magic,700.0,7,1,4851.0,Sophia Anderson,Mumbai,2025-01-07,Average
Pixel 7,862,6,20,4137.6,Emily Johnson,Berlin,2024-08-24,Good
Vivo Y20,200.0,8,0,1600.0,Michael Williams,Mumbai,2024-03-27,Terrible
Alcatel 3X,150.0,2,10,270.0,Jane Smith,São Paulo,2024-11-16,Average
Xiaomi Redmi,250.0,1,18,205.0,Chris O'Neil,,2025-01-29,
Motorola Edge,520.0,1,14,447.2,Sophia Anderson,Tokyo,2024-03-21,
Infinix Zero,282,1,9,256.62,,,2024-07-06,Average
Sony Xperia,322,3,12,850.08,John Doe,Tokyo,2024-07-11,Average
ZTE Axon,275,4,9,1001.0,John Doe,Tokyo,2024-02-28,Poor
iPhone 15,999.0,1,15,849.15,,,2024-11-15,Poor
Alcatel 3X,150.0,8,12,1056.0,,London,2024-07-04,Terrible
Alcatel 3X,150.0,7,8,966.0,,,2024-04-30,Average
iPhone 15,999.0,4,12,3516.48,Chris O'Neil,São Paulo,2024-07-03,Average
Motorola Edge,520.0,7,9,3312.4,Emily Johnson,Mumbai,2024-05-31,Average
Unknown,320.0,5,15,1360.0,Chris O'Neil,Los Angeles,2024-10-10,Average
OnePlus 9,806,7,2,5529.16,Emily Johnson,Tokyo,2024-11-29,
Huawei P40,377,9,15,2884.05,Robert Brown,Los Angeles,2024-12-10,Terrible
Unknown,320.0,1,1,316.8,,Paris,2024-09-21,Excellent
Motorola Edge,520.0,1,15,442.0,Emily Johnson,,2024-09-02,Terrible
Infinix Zero,794,10,15,6749.0,Jane Smith,,2024-04-06,
Unknown,450.0,8,15,3060.0,,,2024-04-11,
Nokia G21,180.0,1,13,156.6,Jane Smith,Berlin,2025-01-25,Poor
Realme X7,300.0,5,20,1200.0,Jane Smith,Paris,2024-07-23,Terrible
iPhone 15,999.0,6,14,5154.84,Sophia Anderson,Tokyo,2024-03-28,Poor
Vivo Y20,200.0,5,8,920.0,,,2024-08-20,Poor
Nothing Phone,883,1,5,838.85,,São Paulo,2024-03-22,Good
Unknown,250.0,5,10,1125.0,Jane Smith,Berlin,2024-11-07,Good
Nothing Phone,720,6,15,3672.0,Sophia Anderson,,2024-10-24,
Pixel 7,283,9,5,2419.65,Michael Williams,,2024-02-23,Terrible
Unknown,250.0,9,12,1980.0,John Doe,Los Angeles,2025-01-26,Good
Unknown,450.0,1,3,436.5,David Miller,London,2024-02-12,Average
Nothing Phone,831,3,17,2069.19,Emily Johnson,New York,2024-04-20,Poor
Sony Xperia,450,3,2,1323.0,Michael Williams,,2024-04-07,Average
Xiaomi Redmi,250.0,7,19,1417.5,John Doe,Berlin,2024-07-29,Excellent
Sony Xperia,159,7,5,1057.35,Jane Smith,,2024-12-04,Excellent
Sony Xperia,103,7,0,721.0,John Doe,São Paulo,2024-09-14,Poor
ZTE Axon,236,10,15,2006.0,Chris O'Neil,New York,2024-06-01,Terrible
Pixel 7,149,9,0,1341.0,Emily Johnson,,2024-05-31,Terrible
Unknown,250.0,1,10,225.0,,New York,2024-04-05,Terrible
Unknown,250.0,10,16,2100.0,Sophia Anderson,,2024-07-18,Average
Nothing Phone,561,9,1,4998.51,Chris O'Neil,Mumbai,2025-01-14,Good
Honor Magic,700.0,10,10,6300.0,Sophia Anderson,Paris,2024-03-27,Excellent
ZTE Axon,862,7,12,5309.92,Sophia Anderson,New York,2024-11-08,Excellent
Vivo Y20,200.0,10,13,1740.0,,Mumbai,2024-09-14,Average
Pixel 7,685,10,12,6028.0,Michael Williams,,2024-12-05,Poor
Alcatel 3X,150.0,7,13,913.5,Chris O'Neil,,2024-05-18,Good
Nokia G21,180.0,10,10,1620.0,John Doe,Los Angeles,2024-07-11,
Realme X7,300.0,2,9,546.0,Chris O'Neil,,2024-07-21,
Infinix Zero,328,9,5,2804.4,Sophia Anderson,London,2024-08-24,Good
Nokia G21,180.0,5,11,801.0,,Tokyo,2024-05-10,Excellent
Motorola Edge,520.0,10,7,4836.0,Robert Brown,New York,2024-02-11,Good
Honor Magic,700.0,5,8,3220.0,Emily Johnson,,2024-08-13,Average
Realme X7,300.0,4,1,1188.0,Chris O'Neil,New York,2025-01-22,Good
Asus ROG Phone,899.0,2,0,1798.0,,,2024-05-16,Average
Xiaomi Redmi,250.0,6,11,1335.0,Sophia Anderson,Los Angeles,2024-09-19,Good
Pixel 7,286,10,18,2345.2,,Berlin,2024-08-29,
Unknown,250.0,7,6,1645.0,David Miller,New York,2025-01-19,Average
Huawei P40,354,4,11,1260.24,Emily Johnson,London,2024-03-26,Poor
Nokia G21,180.0,7,1,1247.4,,Tokyo,2025-01-09,Poor
Xiaomi Redmi,250.0,6,6,1410.0,Michael Williams,,2024-06-16,Poor
Pixel 7,594,4,2,2328.48,Jane Smith,Tokyo,2024-04-02,Average
OnePlus 9,684,2,15,1162.8,Sophia Anderson,,2025-01-18,Terrible
Unknown,450.0,9,9,3685.5,,,2024-02-29,Average
Vivo Y20,200.0,4,19,648.0,Chris O'Neil,,2025-01-03,Poor
Nothing Phone,545,2,10,981.0,John Doe,,2025-01-15,Average
Nothing Phone,169,8,17,1122.16,Emily Johnson,Los Angeles,2024-10-28,Terrible
Pixel 7,380,4,4,1459.2,David Miller,,2024-06-11,Poor
Alcatel 3X,150.0,1,12,132.0,David Miller,São Paulo,2024-12-27,Excellent
Alcatel 3X,150.0,9,1,1336.5,Robert Brown,,2024-07-13,Average
Honor Magic,700.0,6,3,4074.0,Robert Brown,Tokyo,2024-12-04,Excellent
Pixel 7,102,3,1,302.94,Michael Williams,New York,2024-11-15,Terrible
Vivo Y20,200.0,6,2,1176.0,,São Paulo,2024-12-22,Poor
Nokia G21,180.0,3,12,475.2,Michael Williams,London,2024-03-23,Average
Sony Xperia,897,1,12,789.36,,London,2024-06-01,Terrible
Huawei P40,306,2,8,563.04,Emily Johnson,New York,2024-06-26,Excellent
Infinix Zero,701,10,5,6659.5,Robert Brown,São Paulo,2024-12-26,Average
Unknown,129.0,2,0,258.0,,Berlin,2025-01-21,
Motorola Edge,520.0,3,14,1341.6,,Paris,2024-11-21,Excellent
Pixel 7,910,6,15,4641.0,Jane Smith,,2024-05-21,Poor
Unknown,250.0,9,9,2047.5,John Doe,London,2024-06-17,Terrible
Unknown,129.0,8,2,1011.36,Sophia Anderson,,2024-06-14,Average
Alcatel 3X,150.0,5,6,705.0,Chris O'Neil,,2024-05-20,
Unknown,129.0,8,19,835.92,,,2024-09-05,Good
Realme X7,300.0,9,4,2592.0,Jane Smith,,2024-04-06,Excellent
Unknown,129.0,1,6,121.26,,São Paulo,2024-07-06,Excellent
Alcatel 3X,150.0,6,17,747.0,Emily Johnson,,2025-01-14,
Nothing Phone,743,4,20,2377.6,Emily Johnson,New York,2024-11-09,Poor
Unknown,129.0,4,6,485.04,Jane Smith,Tokyo,2024-08-18,Good
ZTE Axon,882,7,6,5803.56,Chris O'Neil,,2024-04-16,Poor
Huawei P40,637,4,17,2114.84,,,2024-08-07,Excellent
Xiaomi Redmi,250.0,1,13,217.5,David Miller,,2024-09-03,Average
ZTE Axon,461,3,10,1244.7,Jane Smith,Berlin,2024-11-16,Poor
Vivo Y20,200.0,3,14,516.0,,Los Angeles,2024-08-23,Terrible
Alcatel 3X,150.0,2,13,261.0,Sophia Anderson,Tokyo,2024-08-18,Average
Unknown,129.0,4,11,459.24,Sophia Anderson,,2024-11-05,Terrible
Unknown,450.0,10,13,3915.0,Michael Williams,,2024-09-08,Poor
OnePlus 9,923,9,5,7891.65,,London,2024-12-31,Terrible
Unknown,320.0,4,14,1100.8,Robert Brown,New York,2024-11-08,
Sony Xperia,267,4,4,1025.28,Sophia Anderson,London,2024-02-13,
Sony Xperia,112,10,20,896.0,David Miller,Los Angeles,2024-06-14,Poor
OnePlus 9,433,9,5,3702.15,Michael Williams,Paris,2024-09-06,
Unknown,320.0,4,10,1152.0,Jane Smith,Paris,2024-09-08,Excellent
Huawei P40,1000,10,13,8700.0,Sophia Anderson,São Paulo,2024-02-17,Good
Unknown,129.0,6,11,688.86,,New York,2024-05-25,Average
Pixel 7,683,4,14,2349.52,,Los Angeles,2025-01-06,Good
OnePlus 9,622,5,4,2985.6,,Paris,2024-05-12,Excellent
Huawei P40,681,4,13,2369.88,,,2024-02-20,Good
Unknown,320.0,3,14,825.6,Chris O'Neil,Tokyo,2024-02-23,
Infinix Zero,374,9,20,2692.8,Sophia Anderson,Los Angeles,2025-02-01,Good
Nothing Phone,773,1,19,626.13,Robert Brown,,2024-09-08,Poor
Nokia G21,180.0,5,4,864.0,,Tokyo,2024-10-31,Excellent
Sony Xperia,353,7,3,2396.87,Sophia Anderson,Paris,2025-01-27,Terrible
Unknown,250.0,3,7,697.5,Emily Johnson,Mumbai,2025-01-24,Terrible
Huawei P40,871,10,19,7055.1,,,2024-02-24,Poor
Unknown,250.0,3,0,750.0,Michael Williams,Berlin,2024-07-23,
Nokia G21,180.0,7,18,1033.2,Robert Brown,,2024-11-19,Average
Unknown,129.0,9,4,1114.56,Michael Williams,Paris,2024-12-16,Excellent
Realme X7,300.0,8,15,2040.0,Emily Johnson,New York,2024-03-03,Average
ZTE Axon,855,6,0,5130.0,Emily Johnson,Tokyo,2024-02-15,Poor
Asus ROG Phone,899.0,9,5,7686.45,Chris O'Neil,Berlin,2024-08-11,
Unknown,320.0,9,11,2563.2,Jane Smith,Paris,2024-10-01,Poor
Unknown,129.0,6,2,758.52,John Doe,New York,2024-05-21,Poor
Realme X7,300.0,9,3,2619.0,David Miller,,2024-11-26,
Vivo Y20,200.0,5,3,970.0,Jane Smith,,2024-06-07,Terrible
Asus ROG Phone,899.0,9,20,6472.8,Sophia Anderson,Berlin,2025-01-30,Excellent
Nothing Phone,266,7,5,1768.9,Jane Smith,New York,2024-09-12,Good
Unknown,320.0,10,19,2592.0,Chris O'Neil,Paris,2025-01-27,Excellent
Sony Xperia,178,3,8,491.28,,,2024-09-25,Average
Unknown,320.0,2,19,518.4,David Miller,,2024-09-06,
Unknown,320.0,9,12,2534.4,Emily Johnson,New York,2024-02-13,Poor
Nothing Phone,172,5,19,696.6,Michael Williams,Mumbai,2025-02-02,Terrible
ZTE Axon,931,6,17,4636.38,Michael Williams,Paris,2025-01-28,Excellent
Unknown,129.0,4,7,479.88,Emily Johnson,São Paulo,2024-08-27,Poor
OnePlus 9,357,8,18,2341.92,John Doe,,2024-07-14,
Nokia G21,180.0,10,17,1494.0,Jane Smith,,2024-03-20,
Unknown,129.0,1,4,123.84,Michael Williams,New York,2024-02-13,Average
Unknown,450.0,2,9,819.0,,London,2024-10-20,Terrible
Realme X7,300.0,3,18,738.0,Chris O'Neil,,2024-07-07,Excellent
Vivo Y20,200.0,1,16,168.0,Jane Smith,,2024-04-12,
Xiaomi Redmi,250.0,7,7,1627.5,Michael Williams,Berlin,2024-08-24,
Unknown,129.0,3,13,336.69,John Doe,,2024-08-17,Good
Sony Xperia,998,4,2,3912.16,Emily Johnson,Tokyo,2024-06-07,
iPhone 15,999.0,10,5,9490.5,Jane Smith,Paris,2024-08-30,
Infinix Zero,979,10,6,9202.6,,Paris,2024-06-22,Poor
Infinix Zero,536,1,10,482.4,Jane Smith,,2024-12-29,Poor
Infinix Zero,724,5,7,3366.6,,,2024-05-08,Average
Alcatel 3X,150.0,7,2,1029.0,Emily Johnson,,2024-03-24,Average
Asus ROG Phone,899.0,4,10,3236.4,Chris O'Neil,London,2024-09-06,
Pixel 7,848,7,18,4867.52,,New York,2025-01-24,Terrible
iPhone 15,999.0,2,11,1778.22,Michael Williams,Paris,2024-06-29,Good
Xiaomi Redmi,250.0,5,19,1012.5,John Doe,,2024-09-08,Good
OnePlus 9,913,1,16,766.92,Jane Smith,London,2024-09-01,
Realme X7,300.0,7,3,2037.0,Jane Smith,Los Angeles,2024-11-13,Terrible
Asus ROG Phone,899.0,6,9,4908.54,,London,2024-03-08,Terrible
Unknown,450.0,7,6,2961.0,David Miller,London,2024-02-19,Terrible
Nokia G21,180.0,5,16,756.0,,Mumbai,2025-01-10,Good
Unknown,320.0,6,0,1920.0,Robert Brown,Paris,2024-06-13,Terrible
Pixel 7,564,9,8,4669.92,,Mumbai,2025-01-28,Average
Huawei P40,201,10,11,1788.9,Emily Johnson,,2024-12-14,Excellent
Realme X7,300.0,5,13,1305.0,,Mumbai,2024-11-24,
Huawei P40,496,6,7,2767.68,,Los Angeles,2024-03-03,Average
Alcatel 3X,150.0,2,3,291.0,David Miller,São Paulo,2024-04-16,Good
OnePlus 9,622,4,3,2413.36,John Doe,Paris,2024-06-19,
Unknown,450.0,1,11,400.5,John Doe,,2024-05-12,
Nokia G21,180.0,2,3,349.2,,London,2025-02-03,
Unknown,450.0,2,7,837.0,Jane Smith,Tokyo,2024-08-15,Good
iPhone 15,999.0,8,18,6553.44,Jane Smith,New York,2024-11-11,
ZTE Axon,221,8,12,1555.84,,Berlin,2024-10-12,Excellent
iPhone 15,999.0,9,7,8361.63,,London,2024-10-28,Poor
Motorola Edge,520.0,8,18,3411.2,David Miller,Tokyo,2024-04-26,Good
OnePlus 9,618,5,19,2502.9,Jane Smith,Mumbai,2024-10-01,
Nokia G21,180.0,1,2,176.4,David Miller,Los Angeles,2024-07-03,
Realme X7,300.0,1,15,255.0,Sophia Anderson,Mumbai,2025-01-05,Terrible
Realme X7,300.0,7,0,2100.0,John Doe,New York,2024-07-02,Poor
Alcatel 3X,150.0,5,7,697.5,David Miller,Berlin,2024-10-30,Poor
Realme X7,300.0,3,4,864.0,Chris O'Neil,Paris,2024-11-02,
Infinix Zero,529,2,20,846.4,,,2024-04-27,Good
Motorola Edge,520.0,4,11,1851.2,Emily Johnson,Paris,2024-11-06,Poor
Pixel 7,620,3,14,1599.6,Chris O'Neil,São Paulo,2024-09-14,Terrible
Unknown,129.0,10,10,1161.0,,Los Angeles,2025-01-27,Terrible
ZTE Axon,796,8,2,6240.64,Chris O'Neil,Tokyo,2024-08-21,Poor
Asus ROG Phone,899.0,2,0,1798.0,,New York,2024-03-06,Good
Infinix Zero,705,2,6,1325.4,John Doe,Mumbai,2024-12-15,
Vivo Y20,200.0,9,6,1692.0,Chris O'Neil,Los Angeles,2024-07-03,Excellent
Nokia G21,180.0,4,18,590.4,Michael Williams,Los Angeles,2024-10-28,Excellent
Motorola Edge,520.0,7,11,3239.6,Michael Williams,,2025-01-25,Terrible
Nothing Phone,534,10,5,5073.0,Michael Williams,Mumbai,2024-03-09,Excellent
Unknown,129.0,10,0,1290.0,,São Paulo,2024-03-08,Terrible
ZTE Axon,682,1,10,613.8,David Miller,New York,2025-01-31,
ZTE Axon,704,4,6,2647.04,Jane Smith,,2024-04-05,
Realme X7,300.0,8,12,2112.0,Robert Brown,,2024-09-18,Terrible
Vivo Y20,200.0,1,11,178.0,Emily Johnson,Berlin,2024-12-14,Terrible
Unknown,250.0,8,14,1720.0,Jane Smith,,2024-05-17,Terrible
Huawei P40,696,4,14,2394.24,Sophia Anderson,London,2024-04-05,Terrible
Motorola Edge,520.0,5,0,2600.0,Chris O'Neil,Paris,2024-07-02,Terrible
OnePlus 9,405,4,14,1393.2,,Berlin,2024-10-28,Good
Asus ROG Phone,899.0,5,9,4090.45,John Doe,Paris,2024-03-28,Excellent
Honor Magic,700.0,1,2,686.0,Jane Smith,Mumbai,2024-08-23,Good
Nokia G21,180.0,2,8,331.2,David Miller,Los Angeles,2024-12-04,Terrible
Unknown,320.0,8,10,2304.0,,Berlin,2024-08-09,Good
Nokia G21,180.0,1,3,174.6,,,2024-09-20,Good
Nokia G21,180.0,5,0,900.0,Jane Smith,Berlin,2024-07-13,
Unknown,450.0,3,14,1161.0,Chris O'Neil,,2024-08-14,Good
ZTE Axon,293,6,13,1529.46,,Tokyo,2024-09-03,Good
Pixel 7,280,5,18,1148.0,Michael Williams,,2024-08-30,Excellent
Nothing Phone,851,4,8,3131.68,Michael Williams,Berlin,2024-12-04,Good
Pixel 7,330,5,1,1633.5,,São Paulo,2024-08-03,Average
Xiaomi Redmi,250.0,6,7,1395.0,David Miller,London,2024-10-23,Excellent
Alcatel 3X,150.0,9,4,1296.0,,,2025-01-19,Average
Asus ROG Phone,899.0,10,17,7461.7,Chris O'Neil,Paris,2024-06-22,Poor
Realme X7,300.0,7,2,2058.0,Sophia Anderson,São Paulo,2024-09-02,
Nothing Phone,253,4,9,920.92,Sophia Anderson,São Paulo,2024-12-14,Terrible
Asus ROG Phone,899.0,8,5,6832.4,Michael Williams,Paris,2024-10-19,Terrible
iPhone 15,999.0,10,14,8591.4,David Miller,New York,2024-12-26,Terrible
Alcatel 3X,150.0,6,7,837.0,,London,2024-03-29,Good
Realme X7,300.0,2,14,516.0,,Paris,2024-04-24,Average
Alcatel 3X,150.0,1,20,120.0,John Doe,Los Angeles,2024-06-21,
Asus ROG Phone,899.0,10,1,8900.1,Chris O'Neil,Paris,2024-04-29,Terrible
Asus ROG Phone,899.0,6,2,5286.12,Robert Brown,São Paulo,2024-05-22,
Sony Xperia,300,2,19,486.0,,,2024-11-02,Terrible
Unknown,129.0,5,8,593.4,,Paris,2024-11-16,Poor
Huawei P40,939,2,16,1577.52,John Doe,Los Angeles,2024-05-16,Terrible
OnePlus 9,153,10,9,1392.3,Robert Brown,Tokyo,2024-06-14,Poor
Sony Xperia,127,9,10,1028.7,,Paris,2024-08-12,Good
Xiaomi Redmi,250.0,7,3,1697.5,Robert Brown,London,2025-01-10,Average
Vivo Y20,200.0,8,2,1568.0,,,2024-12-22,Excellent
Pixel 7,740,5,5,3515.0,,São Paulo,2024-06-08,
Unknown,129.0,4,16,433.44,Chris O'Neil,Paris,2024-08-22,Terrible
Alcatel 3X,150.0,9,16,1134.0,Robert Brown,Berlin,2024-12-25,Poor
iPhone 15,999.0,2,14,1718.28,,Mumbai,2024-10-03,
Huawei P40,404,5,2,1979.6,Michael Williams,Tokyo,2025-01-11,Terrible
Xiaomi Redmi,250.0,10,3,2425.0,Robert Brown,Los Angeles,2024-07-25,
Unknown,320.0,1,8,294.4,Chris O'Neil,Berlin,2024-04-14,
Motorola Edge,520.0,4,8,1913.6,Jane Smith,Tokyo,2024-08-11,Average
OnePlus 9,380,1,2,372.4,Michael Williams,,2024-02-24,Poor
Infinix Zero,185,8,0,1480.0,Sophia Anderson,,2024-04-07,Good
Asus ROG Phone,899.0,5,13,3910.65,,Mumbai,2024-11-21,Terrible
Unknown,320.0,10,5,3040.0,Chris O'Neil,London,2024-12-04,Average
Pixel 7,778,10,15,6613.0,Emily Johnson,Paris,2025-01-17,Poor
Unknown,320.0,6,4,1843.2,Michael Williams,São Paulo,2024-07-01,Terrible
Unknown,250.0,3,3,727.5,,Tokyo,2024-09-18,
iPhone 15,999.0,6,12,5274.72,Robert Brown,,2024-08-12,Excellent
Unknown,129.0,3,1,383.13,Michael Williams,Los Angeles,2024-12-26,Poor
OnePlus 9,607,3,7,1693.53,Robert Brown,,2024-06-10,Excellent
Unknown,250.0,2,20,400.0,,,2024-03-15,Excellent
Huawei P40,621,5,4,2980.8,Emily Johnson,Paris,2024-05-22,Terrible
Unknown,129.0,4,5,490.2,Emily Johnson,New York,2024-08-20,Average
Unknown,129.0,2,14,221.88,Sophia Anderson,Berlin,2024-08-16,
Huawei P40,613,6,5,3494.1,,,2024-05-25,
Nokia G21,180.0,8,1,1425.6,,,2024-02-27,Good
Motorola Edge,520.0,7,8,3348.8,,São Paulo,2024-07-31,Terrible
Nokia G21,180.0,1,14,154.8,,São Paulo,2024-05-29,Average
Sony Xperia,828,2,9,1506.96,Chris O'Neil,Mumbai,2024-09-09,Terrible
Sony Xperia,512,2,6,962.56,Michael Williams,,2024-09-29,
Huawei P40,395,8,0,3160.0,,New York,2024-11-06,Excellent
Nokia G21,180.0,4,12,633.6,Robert Brown,London,2024-02-24,Terrible
Motorola Edge,520.0,9,16,3931.2,Emily Johnson,Tokyo,2024-05-14,Excellent
Realme X7,300.0,5,2,1470.0,John Doe,Berlin,2024-11-18,Good
Unknown,250.0,3,13,652.5,Emily Johnson,Los Angeles,2024-03-22,Poor
iPhone 15,999.0,4,6,3756.24,David Miller,,2024-02-21,
iPhone 15,999.0,1,7,929.07,,Los Angeles,2024-09-13,Good
Alcatel 3X,150.0,7,8,966.0,Robert Brown,Tokyo,2024-05-24,Good
Pixel 7,988,6,17,4920.24,Emily Johnson,,2025-01-30,Terrible
Infinix Zero,850,6,6,4794.0,Sophia Anderson,London,2024-11-10,
Unknown,320.0,5,19,1296.0,Jane Smith,São Paulo,2025-01-08,Excellent
Vivo Y20,200.0,8,12,1408.0,Chris O'Neil,London,2024-03-28,
iPhone 15,999.0,8,10,7192.8,Michael Williams,New York,2024-12-23,Average
Infinix Zero,517,2,7,961.62,,London,2024-11-13,
Unknown,250.0,5,13,1087.5,Chris O'Neil,London,2024-07-16,
Unknown,250.0,5,3,1212.5,David Miller,,2024-07-17,
Unknown,250.0,1,13,217.5,Jane Smith,Mumbai,2024-03-26,Poor
Alcatel 3X,150.0,7,12,924.0,David Miller,Tokyo,2024-07-03,Good
Realme X7,300.0,7,20,1680.0,,,2024-05-10,Excellent
iPhone 15,999.0,2,11,1778.22,Emily Johnson,Tokyo,2024-04-13,
Realme X7,300.0,3,6,846.0,John Doe,,2024-08-03,Average
Pixel 7,670,8,15,4556.0,Emily Johnson,Tokyo,2024-08-06,
Unknown,450.0,6,16,2268.0,Chris O'Neil,Tokyo,2024-03-24,Excellent
Unknown,320.0,9,7,2678.4,Robert Brown,Paris,2024-02-20,Terrible
Unknown,129.0,6,1,766.26,,Tokyo,2024-11-10,Good
Motorola Edge,520.0,3,4,1497.6,Jane Smith,,2024-02-27,Good
Nokia G21,180.0,9,8,1490.4,Jane Smith,,2024-05-10,Excellent
Nokia G21,180.0,7,11,1121.4,Michael Williams,,2025-01-21,Good
Sony Xperia,711,10,4,6825.6,,Los Angeles,2024-12-14,Good
Nothing Phone,284,4,6,1067.84,,Paris,2024-06-04,Average
Unknown,450.0,2,7,837.0,Michael Williams,Mumbai,2024-06-18,Poor
Unknown,320.0,3,8,883.2,,Berlin,2024-03-10,Terrible
Infinix Zero,147,10,12,1293.6,Emily Johnson,Tokyo,2025-02-05,Excellent
Nothing Phone,172,4,1,681.12,,Los Angeles,2024-04-23,Poor
Huawei P40,815,6,4,4694.4,,Los Angeles,2024-12-22,Poor
Infinix Zero,672,9,5,5745.6,Jane Smith,São Paulo,2024-11-30,Poor
Alcatel 3X,150.0,9,4,1296.0,David Miller,Tokyo,2025-01-12,Good
iPhone 15,999.0,1,3,969.03,Chris O'Neil,London,2025-02-06,Average
Motorola Edge,520.0,8,11,3702.4,John Doe,,2024-03-21,Average
Alcatel 3X,150.0,6,4,864.0,Sophia Anderson,São Paulo,2024-09-13,Poor
iPhone 15,999.0,4,4,3836.16,David Miller,Paris,2024-07-17,Average
Asus ROG Phone,899.0,6,15,4584.9,,New York,2024-11-23,Average
Honor Magic,700.0,2,7,1302.0,Emily Johnson,Mumbai,2024-07-28,
Xiaomi Redmi,250.0,2,6,470.0,Sophia Anderson,São Paulo,2024-08-04,Poor
Motorola Edge,520.0,7,4,3494.4,,Los Angeles,2024-07-28,Good
Xiaomi Redmi,250.0,2,11,445.0,Sophia Anderson,,2024-04-18,Excellent
Nokia G21,180.0,9,6,1522.8,Jane Smith,Paris,2024-09-09,Average
Nokia G21,180.0,7,9,1146.6,John Doe,New York,2024-09-28,Terrible
Nothing Phone,394,4,1,1560.24,Jane Smith,São Paulo,2024-02-28,Terrible
Huawei P40,550,9,13,4306.5,Emily Johnson,Berlin,2024-12-15,Excellent
ZTE Axon,641,2,4,1230.72,Chris O'Neil,,2024-10-18,Average
Asus ROG Phone,899.0,6,19,4369.14,Michael Williams,London,2024-07-28,
Honor Magic,700.0,4,16,2352.0,John Doe,São Paulo,2024-12-09,Poor
Unknown,320.0,10,6,3008.0,Chris O'Neil,Mumbai,2024-07-14,Poor
ZTE Axon,360,7,13,2192.4,,Mumbai,2024-07-20,Poor
Asus ROG Phone,899.0,5,12,3955.6,Robert Brown,New York,2024-11-18,
iPhone 15,999.0,6,11,5334.66,Emily Johnson,London,2024-05-10,Good
Realme X7,300.0,2,10,540.0,Chris O'Neil,,2024-04-18,Poor
OnePlus 9,908,2,8,1670.72,,,2024-10-18,Terrible
Honor Magic,700.0,9,3,6111.0,,Los Angeles,2024-02-20,Excellent
Honor Magic,700.0,1,3,679.0,Robert Brown,New York,2024-06-30,Excellent
Motorola Edge,520.0,10,16,4368.0,Chris O'Neil,,2024-03-22,Excellent
Nokia G21,180.0,10,5,1710.0,David Miller,New York,2024-12-03,Poor
Unknown,129.0,4,8,474.72,Michael Williams,Paris,2024-08-17,Good
ZTE Axon,172,5,18,705.2,Chris O'Neil,São Paulo,2024-09-14,Average
Pixel 7,382,4,14,1314.08,Chris O'Neil,Mumbai,2024-08-11,Poor
iPhone 15,999.0,10,15,8491.5,Robert Brown,Paris,2024-02-18,Average
Realme X7,300.0,2,3,582.0,John Doe,Mumbai,2025-01-29,Good
Pixel 7,355,6,17,1767.9,Sophia Anderson,,2024-05-23,Terrible
Alcatel 3X,150.0,2,18,246.0,Robert Brown,Tokyo,2024-03-04,
Sony Xperia,391,4,4,1501.44,Michael Williams,,2024-08-10,Terrible
Nokia G21,180.0,9,6,1522.8,,Mumbai,2024-09-21,Excellent
Nokia G21,180.0,3,19,437.4,Robert Brown,New York,2024-08-27,Excellent
Unknown,320.0,7,9,2038.4,,Berlin,2024-03-04,Excellent
Infinix Zero,838,6,3,4877.16,David Miller,Paris,2024-10-07,
Nothing Phone,679,5,13,2953.65,Michael Williams,New York,2025-01-18,Good
Huawei P40,220,3,2,646.8,Jane Smith,,2024-03-18,
iPhone 15,999.0,4,4,3836.16,Sophia Anderson,São Paulo,2024-03-19,Good
Sony Xperia,138,4,18,452.64,Emily Johnson,New York,2024-08-19,Poor
OnePlus 9,255,1,6,239.7,Chris O'Neil,Los Angeles,2024-10-17,
ZTE Axon,117,2,18,191.88,John Doe,São Paulo,2024-03-08,Excellent
Infinix Zero,540,8,1,4276.8,Robert Brown,Los Angeles,2024-10-05,Excellent
Realme X7,300.0,1,3,291.0,Emily Johnson,,2024-03-21,Poor
Sony Xperia,925,1,14,795.5,Michael Williams,Mumbai,2024-05-21,Average
Sony Xperia,362,4,12,1274.24,David Miller,Mumbai,2024-07-09,Good
Alcatel 3X,150.0,3,8,414.0,,Paris,2024-11-19,Good
Alcatel 3X,150.0,5,19,607.5,John Doe,,2024-03-06,Poor
Huawei P40,957,1,4,918.72,Jane Smith,London,2024-11-28,Average
Xiaomi Redmi,250.0,6,5,1425.0,Robert Brown,,2024-07-11,Excellent
Asus ROG Phone,899.0,8,11,6400.88,,Paris,2024-12-02,Terrible
Pixel 7,257,10,19,2081.7,Michael Williams,Paris,2025-01-03,Terrible
Motorola Edge,520.0,7,7,3385.2,,Los Angeles,2025-01-08,Excellent
Nokia G21,180.0,7,17,1045.8,Michael Williams,Mumbai,2024-08-11,Terrible
Unknown,320.0,1,3,310.4,,São Paulo,2024-05-02,Poor
Nothing Phone,136,4,3,527.68,David Miller,Berlin,2024-03-26,Excellent
Huawei P40,569,5,6,2674.3,Chris O'Neil,Paris,2024-08-10,Average
Huawei P40,203,1,8,186.76,,São Paulo,2024-09-09,Terrible
Vivo Y20,200.0,7,18,1148.0,Robert Brown,,2024-03-02,Poor
Motorola Edge,520.0,7,15,3094.0,David Miller,New York,2024-09-01,Poor
Unknown,129.0,1,16,108.36,Michael Williams,Paris,2024-04-25,Good
Unknown,450.0,9,16,3402.0,Emily Johnson,,2024-09-03,
Unknown,450.0,2,12,792.0,John Doe,Paris,2024-10-24,Average
Unknown,250.0,4,20,800.0,David Miller,New York,2025-01-23,Poor
Motorola Edge,520.0,2,8,956.8,Michael Williams,New York,2025-01-14,Excellent
Motorola Edge,520.0,3,2,1528.8,Emily Johnson,Tokyo,2024-10-21,Excellent
Unknown,129.0,1,7,119.97,,São Paulo,2024-08-09,Poor
Vivo Y20,200.0,7,11,1246.0,John Doe,São Paulo,2024-09-02,Terrible
Huawei P40,960,6,4,5529.6,Jane Smith,Mumbai,2024-07-26,Average
OnePlus 9,775,2,10,1395.0,,Tokyo,2024-11-01,Good
Motorola Edge,520.0,5,12,2288.0,,Tokyo,2025-01-08,Poor
Sony Xperia,708,9,18,5225.04,,London,2025-02-06,Excellent
Asus ROG Phone,899.0,4,5,3416.2,,,2024-02-20,
Unknown,320.0,4,0,1280.0,Robert Brown,São Paulo,2024-11-14,Average
Nokia G21,180.0,6,1,1069.2,David Miller,,2024-12-29,Terrible
iPhone 15,999.0,5,8,4595.4,Jane Smith,New York,2024-05-07,Terrible
Unknown,320.0,8,11,2278.4,Robert Brown,Mumbai,2024-02-10,Average
Realme X7,300.0,7,12,1848.0,John Doe,,2024-06-10,Good
ZTE Axon,631,10,16,5300.4,,Tokyo,2024-02-15,Excellent
OnePlus 9,272,10,8,2502.4,,Paris,2024-11-30,Good
iPhone 15,999.0,2,3,1938.06,Robert Brown,Tokyo,2024-05-16,Excellent
iPhone 15,999.0,2,8,1838.16,,,2024-07-08,Good
Xiaomi Redmi,250.0,4,1,990.0,,Paris,2024-10-29,
Xiaomi Redmi,250.0,1,7,232.5,Sophia Anderson,São Paulo,2024-10-31,Poor
Vivo Y20,200.0,6,9,1092.0,Chris O'Neil,São Paulo,2024-04-06,Average
ZTE Axon,817,4,19,2647.08,,Tokyo,2024-04-02,Terrible
Realme X7,300.0,8,6,2256.0,Emily Johnson,São Paulo,2024-10-10,Excellent
Asus ROG Phone,899.0,4,20,2876.8,,São Paulo,2024-08-06,Good
Unknown,250.0,5,2,1225.0,,São Paulo,2024-09-13,
Vivo Y20,200.0,6,4,1152.0,Emily Johnson,Berlin,2024-09-29,Excellent
iPhone 15,999.0,2,18,1638.36,,London,2024-02-10,
Vivo Y20,200.0,8,15,1360.0,,,2024-09-14,Poor
Motorola Edge,520.0,9,5,4446.0,Jane Smith,Paris,2024-06-08,Poor
Xiaomi Redmi,250.0,5,0,1250.0,David Miller,Mumbai,2024-10-06,Terrible
Huawei P40,292,4,3,1132.96,,Tokyo,2024-09-23,Good
Nokia G21,180.0,4,18,590.4,,Berlin,2024-12-12,
Unknown,450.0,6,12,2376.0,Sophia Anderson,London,2024-09-22,Average
Nothing Phone,469,7,2,3217.34,Sophia Anderson,Berlin,2024-11-01,Poor
Asus ROG Phone,899.0,1,11,800.11,,Mumbai,2025-01-25,Terrible
Pixel 7,548,1,2,537.04,Emily Johnson,Paris,2025-01-10,Good
Honor Magic,700.0,2,19,1134.0,Emily Johnson,Los Angeles,2025-02-08,
Motorola Edge,520.0,4,10,1872.0,David Miller,New York,2024-08-07,Average
Unknown,320.0,4,10,1152.0,John Doe,São Paulo,2025-01-07,Poor
Honor Magic,700.0,7,5,4655.0,Michael Williams,New York,2024-11-21,Terrible
Unknown,250.0,7,13,1522.5,Sophia Anderson,New York,2024-03-17,Terrible
Nothing Phone,152,3,18,373.92,,New York,2024-07-04,Average
ZTE Axon,326,9,13,2552.58,,Los Angeles,2024-04-28,Good
ZTE Axon,411,9,6,3477.06,John Doe,São Paulo,2024-06-22,Excellent
Honor Magic,700.0,9,16,5292.0,Michael Williams,London,2024-12-04,Average
Motorola Edge,520.0,6,0,3120.0,,,2024-07-06,Excellent
Asus ROG Phone,899.0,7,0,6293.0,Michael Williams,,2025-02-02,Good
Asus ROG Phone,899.0,2,13,1564.26,,,2024-05-24,Excellent
Alcatel 3X,150.0,7,12,924.0,Sophia Anderson,London,2024-12-06,Good
Huawei P40,487,1,2,477.26,Sophia Anderson,Berlin,2024-12-12,
ZTE Axon,641,2,8,1179.44,Michael Williams,,2024-11-11,Excellent
Motorola Edge,520.0,9,6,4399.2,John Doe,Mumbai,2024-08-04,Poor
Motorola Edge,520.0,7,4,3494.4,,São Paulo,2024-04-24,Excellent
ZTE Axon,756,1,19,612.36,Michael Williams,São Paulo,2024-10-04,Excellent
Honor Magic,700.0,2,6,1316.0,Emily Johnson,New York,2025-01-28,Average
Nokia G21,180.0,10,14,1548.0,Chris O'Neil,London,2024-06-22,Poor
OnePlus 9,300,8,19,1944.0,,São Paulo,2024-06-02,Average
Asus ROG Phone,899.0,2,13,1564.26,Robert Brown,Paris,2024-03-11,Good
Honor Magic,700.0,6,7,3906.0,,Berlin,2024-09-05,Good
Unknown,320.0,7,8,2060.8,Chris O'Neil,New York,2024-10-18,Terrible
Unknown,450.0,6,20,2160.0,,,2024-04-30,Terrible
Alcatel 3X,150.0,8,12,1056.0,,São Paulo,2024-09-26,Average
iPhone 15,999.0,10,10,8991.0,,Mumbai,2024-09-16,
Pixel 7,146,4,9,531.44,Robert Brown,,2024-04-07,Good
Sony Xperia,218,5,9,991.9,Robert Brown,Paris,2024-02-13,Excellent
ZTE Axon,595,5,4,2856.0,Jane Smith,,2024-08-08,Good
OnePlus 9,816,4,11,2904.96,Michael Williams,Tokyo,2025-02-04,
Unknown,450.0,2,18,738.0,Michael Williams,,2024-10-05,Average
Unknown,250.0,10,12,2200.0,Jane Smith,Tokyo,2024-03-31,Terrible
Unknown,129.0,1,5,122.55,,London,2024-12-10,
Alcatel 3X,150.0,10,8,1380.0,John Doe,Paris,2024-07-14,Excellent
Pixel 7,542,6,12,2861.76,,Tokyo,2024-09-05,Good
Motorola Edge,520.0,6,20,2496.0,,Berlin,2024-12-16,Poor
iPhone 15,999.0,2,3,1938.06,Chris O'Neil,,2024-10-06,Average
Sony Xperia,932,7,17,5414.92,Emily Johnson,,2024-10-15,Good
Huawei P40,348,5,6,1635.6,,Berlin,2024-08-28,Average
ZTE Axon,686,8,17,4555.04,Michael Williams,London,2024-05-02,Good
Huawei P40,110,3,3,320.1,Emily Johnson,,2025-01-29,Excellent
OnePlus 9,469,9,17,3503.43,Robert Brown,Mumbai,2025-01-27,
ZTE Axon,917,8,4,7042.56,John Doe,,2024-02-29,Poor
Realme X7,300.0,7,18,1722.0,Chris O'Neil,,2024-03-19,
Nokia G21,180.0,2,11,320.4,Chris O'Neil,Paris,2024-02-13,
Honor Magic,700.0,9,0,6300.0,Robert Brown,New York,2024-10-27,Excellent
ZTE Axon,464,1,10,417.6,Robert Brown,São Paulo,2024-09-02,Average
Realme X7,300.0,2,7,558.0,,São Paulo,2024-07-08,Average
OnePlus 9,274,5,9,1246.7,,Paris,2024-11-10,Poor
Unknown,250.0,5,4,1200.0,John Doe,Mumbai,2025-01-27,
Unknown,450.0,1,17,373.5,Emily Johnson,,2024-08-01,Excellent
Nokia G21,180.0,8,18,1180.8,Michael Williams,Berlin,2025-01-20,
Nothing Phone,320,6,1,1900.8,Jane Smith,,2024-09-24,Poor
Honor Magic,700.0,10,16,5880.0,Sophia Anderson,Tokyo,2025-01-10,
OnePlus 9,660,5,5,3135.0,Emily Johnson,São Paulo,2024-08-22,Terrible
OnePlus 9,231,1,2,226.38,John Doe,New York,2024-03-17,Good
Pixel 7,780,3,12,2059.2,David Miller,New York,2024-08-03,Average
Unknown,320.0,7,7,2083.2,,Tokyo,2024-11-30,Good
Unknown,320.0,2,9,582.4,Emily Johnson,Paris,2024-05-05,Good
Motorola Edge,520.0,10,18,4264.0,Jane Smith,,2024-09-11,Terrible
Vivo Y20,200.0,3,20,480.0,Emily Johnson,Los Angeles,2024-05-11,Poor
Sony Xperia,373,7,20,2088.8,Jane Smith,Tokyo,2024-07-28,Terrible
Unknown,250.0,5,20,1000.0,John Doe,Tokyo,2024-04-03,Terrible
Honor Magic,700.0,4,6,2632.0,,London,2024-03-04,Excellent
Nothing Phone,550,9,15,4207.5,Michael Williams,,2024-06-17,Excellent
Motorola Edge,520.0,10,7,4836.0,,Paris,2024-06-01,Average
Alcatel 3X,150.0,8,8,1104.0,Jane Smith,Los Angeles,2024-04-14,Poor
Huawei P40,866,5,16,3637.2,,Los Angeles,2024-04-11,Average
Honor Magic,700.0,9,4,6048.0,Chris O'Neil,London,2024-02-22,Poor
Pixel 7,707,2,13,1230.18,,,2024-10-29,Good
Asus ROG Phone,899.0,4,7,3344.28,John Doe,,2024-03-10,Good
Honor Magic,700.0,3,6,1974.0,Michael Williams,Berlin,2024-09-29,Good
Realme X7,300.0,6,2,1764.0,Chris O'Neil,,2024-06-23,
Xiaomi Redmi,250.0,5,0,1250.0,,Berlin,2024-10-17,
Motorola Edge,520.0,3,5,1482.0,Michael Williams,London,2024-05-26,Excellent
Alcatel 3X,150.0,5,14,645.0,,Mumbai,2024-02-13,Poor
OnePlus 9,626,9,11,5014.26,David Miller,,2024-08-26,
Vivo Y20,200.0,5,19,810.0,Chris O'Neil,Mumbai,2024-12-14,Good
Alcatel 3X,150.0,10,8,1380.0,Chris O'Neil,Mumbai,2024-06-17,
Unknown,250.0,8,13,1740.0,Sophia Anderson,Paris,2024-03-30,Average
Unknown,250.0,1,4,240.0,Michael Williams,São Paulo,2024-07-22,Average
ZTE Axon,709,7,1,4913.37,Robert Brown,,2024-10-27,Average
Alcatel 3X,150.0,4,0,600.0,,Paris,2024-06-04,
iPhone 15,999.0,10,9,9090.9,,,2025-01-24,Good
Alcatel 3X,150.0,1,20,120.0,John Doe,Paris,2024-03-07,Average
Motorola Edge,520.0,8,16,3494.4,John Doe,,2024-05-29,
Motorola Edge,520.0,1,2,509.6,Jane Smith,New York,2025-01-02,Terrible
Nokia G21,180.0,2,16,302.4,,Mumbai,2024-08-25,
Huawei P40,513,1,8,471.96,Robert Brown,Mumbai,2024-06-13,Excellent
Honor Magic,700.0,1,0,700.0,Chris O'Neil,Mumbai,2024-12-31,Good
Unknown,450.0,10,19,3645.0,Emily Johnson,Paris,2024-10-07,Average
Xiaomi Redmi,250.0,1,10,225.0,John Doe,,2024-05-22,Average
Xiaomi Redmi,250.0,8,16,1680.0,Jane Smith,London,2024-10-05,Poor
OnePlus 9,457,3,19,1110.51,Emily Johnson,,2024-08-10,
Motorola Edge,520.0,8,10,3744.0,Sophia Anderson,London,2024-04-13,Average
Nokia G21,180.0,2,8,331.2,,,2024-10-15,Average
Pixel 7,338,6,15,1723.8,Sophia Anderson,Los Angeles,2024-10-12,Poor
OnePlus 9,447,8,17,2968.08,Sophia Anderson,London,2024-11-26,Average
Pixel 7,706,2,4,1355.52,David Miller,Los Angeles,2024-04-14,
Asus ROG Phone,899.0,9,2,7929.18,John Doe,London,2024-09-27,Poor
Honor Magic,700.0,4,14,2408.0,,,2025-01-15,
Nothing Phone,757,10,18,6207.4,,London,2024-08-16,Excellent
Nothing Phone,461,9,14,3568.14,,,2024-05-13,Average
ZTE Axon,398,9,5,3402.9,Jane Smith,Los Angeles,2024-09-07,Average
Realme X7,300.0,5,2,1470.0,John Doe,New York,2024-07-08,
Nokia G21,180.0,9,13,1409.4,Chris O'Neil,New York,2024-07-17,Terrible
Unknown,450.0,3,3,1309.5,Chris O'Neil,,2024-05-13,Poor
Unknown,129.0,3,18,317.34,,Paris,2024-08-22,Terrible
Huawei P40,261,2,16,438.48,,Tokyo,2024-07-28,
Unknown,129.0,10,9,1173.9,Robert Brown,New York,2024-03-21,
Nokia G21,180.0,9,18,1328.4,,São Paulo,2024-06-13,Poor
Asus ROG Phone,899.0,5,10,4045.5,Chris O'Neil,,2024-04-27,
OnePlus 9,840,6,3,4888.8,,Tokyo,2024-04-29,Poor
Xiaomi Redmi,250.0,7,13,1522.5,Emily Johnson,Los Angeles,2024-05-18,Average
Vivo Y20,200.0,2,9,364.0,Chris O'Neil,,2024-06-20,Excellent
Pixel 7,692,6,20,3321.6,Chris O'Neil,London,2024-12-27,Average
Unknown,450.0,1,3,436.5,,,2024-11-24,Terrible
Vivo Y20,200.0,7,19,1134.0,,Tokyo,2024-07-15,
iPhone 15,999.0,3,2,2937.06,,,2024-04-14,Excellent
OnePlus 9,221,9,17,1650.87,Michael Williams,Berlin,2024-06-08,Average
Xiaomi Redmi,250.0,3,0,750.0,David Miller,Berlin,2024-10-16,Poor
Xiaomi Redmi,250.0,10,7,2325.0,Emily Johnson,,2024-10-12,
Unknown,250.0,5,2,1225.0,John Doe,London,2024-12-15,Good
Vivo Y20,200.0,5,19,810.0,Robert Brown,Paris,2024-07-31,
Unknown,450.0,10,2,4410.0,Chris O'Neil,New York,2025-01-27,Average
Infinix Zero,387,9,3,3378.51,,Mumbai,2024-08-19,Excellent
Xiaomi Redmi,250.0,2,12,440.0,Jane Smith,,2024-05-28,Terrible
Sony Xperia,248,5,16,1041.6,,,2024-05-10,Poor
Asus ROG Phone,899.0,7,0,6293.0,Robert Brown,Los Angeles,2025-01-19,Terrible
Realme X7,300.0,1,9,273.0,Chris O'Neil,Paris,2024-10-15,Terrible
Huawei P40,358,6,14,1847.28,,Paris,2024-12-04,Terrible
Asus ROG Phone,899.0,5,0,4495.0,Jane Smith,Berlin,2024-04-09,Average
Huawei P40,458,9,13,3586.14,Michael Williams,,2024-11-20,Average
Huawei P40,920,5,13,4002.0,Chris O'Neil,Berlin,2024-07-05,Average
Vivo Y20,200.0,4,5,760.0,,Paris,2024-04-11,Poor
ZTE Axon,385,5,16,1617.0,Jane Smith,Tokyo,2024-04-08,Poor
Pixel 7,895,3,1,2658.15,Sophia Anderson,,2025-01-15,Terrible
Huawei P40,581,1,17,482.23,,,2024-05-16,Poor
Asus ROG Phone,899.0,4,8,3308.32,,Mumbai,2024-06-05,Poor
Nothing Phone,393,9,10,3183.3,,,2024-09-01,Terrible
Huawei P40,864,6,16,4354.56,Chris O'Neil,Mumbai,2024-10-18,Good
Unknown,450.0,2,11,801.0,,Paris,2024-05-30,Good
Alcatel 3X,150.0,2,13,261.0,David Miller,New York,2025-01-08,Average
Sony Xperia,192,1,19,155.52,Robert Brown,,2024-12-31,Good
Unknown,129.0,3,17,321.21,,New York,2025-01-26,Good
Unknown,450.0,2,1,891.0,Jane Smith,,2025-01-22,Excellent
Unknown,450.0,2,13,783.0,,,2024-12-08,Poor
Sony Xperia,756,9,13,5919.48,Emily Johnson,Berlin,2024-06-04,
Unknown,320.0,7,17,1859.2,Robert Brown,London,2024-08-03,
Sony Xperia,580,7,5,3857.0,Emily Johnson,Los Angeles,2025-01-06,Poor
Motorola Edge,520.0,7,18,2984.8,,New York,2024-12-28,
Honor Magic,700.0,4,9,2548.0,Michael Williams,Tokyo,2024-07-03,Poor
iPhone 15,999.0,7,13,6083.91,,,2024-12-17,
Huawei P40,961,2,2,1883.56,Robert Brown,Berlin,2024-06-22,Average
Xiaomi Redmi,250.0,8,2,1960.0,John Doe,New York,2024-12-04,Terrible
Nothing Phone,675,1,19,546.75,Emily Johnson,New York,2024-10-12,Excellent
Unknown,450.0,1,17,373.5,John Doe,Tokyo,2024-06-17,Terrible
Unknown,250.0,10,14,2150.0,Chris O'Neil,São Paulo,2025-01-01,Average
Motorola Edge,520.0,5,14,2236.0,Chris O'Neil,,2024-09-24,Poor
ZTE Axon,678,7,11,4223.94,,Paris,2024-12-01,Excellent
Nokia G21,180.0,6,10,972.0,,,2025-01-19,Good
Vivo Y20,200.0,1,20,160.0,David Miller,Los Angeles,2025-01-19,Good
iPhone 15,999.0,4,14,3436.56,Michael Williams,Berlin,2024-10-13,
Unknown,320.0,6,10,1728.0,,London,2025-01-17,Average
Unknown,320.0,6,6,1804.8,,Paris,2025-01-21,Terrible
Alcatel 3X,150.0,8,15,1020.0,Chris O'Neil,Paris,2024-12-16,Good
Unknown,129.0,7,16,758.52,,Mumbai,2024-11-01,Excellent
Alcatel 3X,150.0,5,12,660.0,Robert Brown,Berlin,2024-08-08,Poor
Realme X7,300.0,8,15,2040.0,,Paris,2024-04-17,
Honor Magic,700.0,1,11,623.0,David Miller,,2024-05-08,Good
iPhone 15,999.0,7,20,5594.4,Emily Johnson,,2024-12-12,Average
iPhone 15,999.0,6,15,5094.9,,,2025-01-07,Poor
iPhone 15,999.0,5,3,4845.15,,New York,2024-10-16,Terrible
iPhone 15,999.0,10,17,8291.7,Chris O'Neil,Berlin,2024-02-29,Poor
ZTE Axon,993,1,13,863.91,Jane Smith,Tokyo,2024-03-31,Average
Unknown,450.0,8,11,3204.0,Robert Brown,São Paulo,2024-10-07,Good
Infinix Zero,116,6,18,570.72,,Berlin,2025-01-10,
Realme X7,300.0,10,19,2430.0,Michael Williams,Mumbai,2024-03-26,Good
Unknown,450.0,6,5,2565.0,Emily Johnson,,2024-04-18,Excellent
Alcatel 3X,150.0,8,12,1056.0,Chris O'Neil,,2024-06-30,Average
Unknown,320.0,7,3,2172.8,Michael Williams,Tokyo,2024-02-16,Terrible
Unknown,250.0,8,9,1820.0,Michael Williams,New York,2024-08-07,Good
Asus ROG Phone,899.0,7,1,6230.07,Chris O'Neil,São Paulo,2024-05-31,Terrible
Honor Magic,700.0,7,6,4606.0,Emily Johnson,,2024-05-03,Average
Asus ROG Phone,899.0,3,19,2184.57,Michael Williams,,2024-12-23,Excellent
Infinix Zero,181,10,16,1520.4,David Miller,Berlin,2024-04-01,
iPhone 15,999.0,6,20,4795.2,Robert Brown,London,2024-03-19,Average
Sony Xperia,429,8,10,3088.8,,Los Angeles,2024-11-06,Excellent
Sony Xperia,791,3,7,2206.89,,New York,2024-04-19,Good
Huawei P40,501,1,5,475.95,Michael Williams,New York,2024-07-01,
Sony Xperia,974,10,17,8084.2,Jane Smith,,2024-04-26,Poor
Nothing Phone,970,6,18,4772.4,John Doe,Tokyo,2025-01-27,Terrible
Huawei P40,171,3,5,487.35,Michael Williams,,2024-11-02,Excellent
Infinix Zero,682,3,19,1657.26,,Paris,2025-01-08,Good
Unknown,450.0,10,16,3780.0,Robert Brown,,2024-09-06,Excellent
Nokia G21,180.0,8,17,1195.2,,Los Angeles,2024-12-13,Excellent
Motorola Edge,520.0,5,12,2288.0,Sophia Anderson,Tokyo,2025-01-28,Good
Nokia G21,180.0,5,4,864.0,Chris O'Neil,Tokyo,2024-09-18,Poor
Vivo Y20,200.0,6,17,996.0,John Doe,Mumbai,2024-04-27,Terrible
Vivo Y20,200.0,4,15,680.0,David Miller,São Paulo,2024-03-22,Good
Honor Magic,700.0,7,9,4459.0,Chris O'Neil,,2024-11-17,Poor
Infinix Zero,947,7,8,6098.68,,,2024-12-13,Terrible
Infinix Zero,603,2,12,1061.28,John Doe,São Paulo,2024-12-22,Excellent
Motorola Edge,520.0,2,14,894.4,David Miller,,2024-06-30,Terrible
Unknown,250.0,2,20,400.0,John Doe,Mumbai,2025-01-06,Terrible
Motorola Edge,520.0,9,13,4071.6,Jane Smith,,2024-04-25,Good
Honor Magic,700.0,10,11,6230.0,John Doe,São Paulo,2024-08-19,Excellent
Nothing Phone,608,2,16,1021.44,,London,2024-06-22,Excellent
Unknown,129.0,9,14,998.46,Chris O'Neil,New York,2024-11-08,Terrible
Alcatel 3X,150.0,8,11,1068.0,,Paris,2025-02-06,Excellent
Nothing Phone,593,8,13,4127.28,,Mumbai,2024-09-28,Excellent
Sony Xperia,753,8,11,5361.36,Robert Brown,São Paulo,2024-10-23,Excellent
Xiaomi Redmi,250.0,8,3,1940.0,Robert Brown,,2024-11-12,Good
Alcatel 3X,150.0,1,16,126.0,Chris O'Neil,Tokyo,2024-07-12,Good
Vivo Y20,200.0,9,16,1512.0,Michael Williams,London,2024-06-06,Terrible
OnePlus 9,599,3,20,1437.6,Michael Williams,,2024-05-24,
Pixel 7,716,6,4,4124.16,John Doe,Mumbai,2024-07-02,
Unknown,450.0,9,19,3280.5,David Miller,,2024-11-10,Excellent
OnePlus 9,263,1,1,260.37,Jane Smith,Los Angeles,2024-12-06,Excellent
Huawei P40,899,7,0,6293.0,,Paris,2024-11-06,Excellent
Unknown,320.0,10,11,2848.0,,New York,2025-01-30,Good
Unknown,450.0,3,11,1201.5,Chris O'Neil,São Paulo,2024-08-17,Poor
Nokia G21,180.0,2,2,352.8,,New York,2024-07-12,Excellent
Infinix Zero,519,7,8,3342.36,Emily Johnson,Paris,2024-09-17,Excellent
Motorola Edge,520.0,2,13,904.8,,New York,2024-03-16,Average
Alcatel 3X,150.0,1,5,142.5,Sophia Anderson,,2024-02-26,
Realme X7,300.0,5,6,1410.0,,Los Angeles,2024-09-11,Terrible
Unknown,129.0,4,15,438.6,,,2024-03-13,Poor
Motorola Edge,520.0,2,13,904.8,Emily Johnson,Mumbai,2024-11-12,Poor
Unknown,320.0,1,20,256.0,Jane Smith,Tokyo,2024-10-06,Good
Nothing Phone,520,3,9,1419.6,John Doe,,2024-09-16,
Vivo Y20,200.0,4,17,664.0,Michael Williams,São Paulo,2024-02-26,Excellent
